sector,source,destination,rate_pct
GrainCrop,ZAF,CHN,14.257420
GrainCrop,ZAF,EU27,2.877533
GrainCrop,ZAF,GBR,2.201533
GrainCrop,ZAF,ROW,7.908356
GrainCrop,USA,ZAF,2.779007
GrainCrop,USA,SACUSADC,13.252044
GrainCrop,USA,CHN,4.473412
GrainCrop,USA,EU27,1.395488
GrainCrop,USA,GBR,3.367007
GrainCrop,USA,ROW,5.503917
GrainCrop,SACUSADC,CHN,0.102246
GrainCrop,SACUSADC,ROW,2.614701
GrainCrop,CHN,ZAF,3.992987
GrainCrop,CHN,USA,1.288283
GrainCrop,CHN,SACUSADC,17.682732
GrainCrop,CHN,EU27,4.404008
GrainCrop,CHN,GBR,7.644856
GrainCrop,CHN,ROW,5.351210
GrainCrop,EU27,USA,53.572498
GrainCrop,EU27,SACUSADC,6.978345
GrainCrop,EU27,CHN,7.102549
GrainCrop,EU27,ROW,10.811985
GrainCrop,GBR,USA,69.439651
GrainCrop,GBR,SACUSADC,0.486290
GrainCrop,GBR,CHN,4.619563
GrainCrop,GBR,ROW,9.393620
GrainCrop,ROW,ZAF,5.001795
GrainCrop,ROW,USA,0.414765
GrainCrop,ROW,SACUSADC,1.838660
GrainCrop,ROW,CHN,3.326905
GrainCrop,ROW,EU27,1.700222
GrainCrop,ROW,GBR,2.286685
GrainCrop,ROW,ROW,8.085882
LiveMeat,ZAF,CHN,31.470192
LiveMeat,ZAF,EU27,0.309610
LiveMeat,ZAF,GBR,2.060294
LiveMeat,ZAF,ROW,4.036462
LiveMeat,USA,ZAF,12.301529
LiveMeat,USA,SACUSADC,21.290075
LiveMeat,USA,CHN,9.078479
LiveMeat,USA,EU27,10.582399
LiveMeat,USA,GBR,0.914276
LiveMeat,USA,ROW,11.781836
LiveMeat,SACUSADC,CHN,37.926338
LiveMeat,SACUSADC,ROW,125.767067
LiveMeat,CHN,ZAF,2.789855
LiveMeat,CHN,USA,0.417185
LiveMeat,CHN,SACUSADC,1.345038
LiveMeat,CHN,EU27,3.991520
LiveMeat,CHN,GBR,13.990604
LiveMeat,CHN,ROW,4.370415
LiveMeat,EU27,ZAF,1.167500
LiveMeat,EU27,USA,0.655842
LiveMeat,EU27,SACUSADC,10.083973
LiveMeat,EU27,CHN,12.700820
LiveMeat,EU27,ROW,22.824848
LiveMeat,GBR,ZAF,0.848389
LiveMeat,GBR,USA,0.175500
LiveMeat,GBR,SACUSADC,16.562164
LiveMeat,GBR,CHN,11.286629
LiveMeat,GBR,ROW,15.767741
LiveMeat,ROW,ZAF,10.147238
LiveMeat,ROW,USA,0.618184
LiveMeat,ROW,SACUSADC,17.988132
LiveMeat,ROW,CHN,13.281048
LiveMeat,ROW,EU27,14.493275
LiveMeat,ROW,GBR,21.396435
LiveMeat,ROW,ROW,10.897255
OthAgFood,ZAF,USA,4.095519
OthAgFood,ZAF,CHN,20.963049
OthAgFood,ZAF,EU27,5.805194
OthAgFood,ZAF,GBR,7.909572
OthAgFood,ZAF,ROW,11.935699
OthAgFood,USA,ZAF,6.417513
OthAgFood,USA,SACUSADC,10.387146
OthAgFood,USA,CHN,11.191023
OthAgFood,USA,EU27,8.061373
OthAgFood,USA,GBR,6.974435
OthAgFood,USA,ROW,8.010650
OthAgFood,SACUSADC,ZAF,0.010300
OthAgFood,SACUSADC,USA,17.820953
OthAgFood,SACUSADC,SACUSADC,1.007223
OthAgFood,SACUSADC,CHN,1.897418
OthAgFood,SACUSADC,EU27,0.006247
OthAgFood,SACUSADC,GBR,0.000465
OthAgFood,SACUSADC,ROW,14.182508
OthAgFood,CHN,ZAF,6.211627
OthAgFood,CHN,USA,2.985322
OthAgFood,CHN,SACUSADC,22.748041
OthAgFood,CHN,EU27,9.828281
OthAgFood,CHN,GBR,9.694899
OthAgFood,CHN,ROW,8.979713
OthAgFood,EU27,ZAF,0.868225
OthAgFood,EU27,USA,3.050792
OthAgFood,EU27,SACUSADC,8.560419
OthAgFood,EU27,CHN,12.819433
OthAgFood,EU27,ROW,12.644302
OthAgFood,GBR,ZAF,0.499547
OthAgFood,GBR,USA,1.301813
OthAgFood,GBR,SACUSADC,2.522886
OthAgFood,GBR,CHN,13.058877
OthAgFood,GBR,ROW,13.159121
OthAgFood,ROW,ZAF,6.106806
OthAgFood,ROW,USA,2.092123
OthAgFood,ROW,SACUSADC,4.790473
OthAgFood,ROW,CHN,8.662581
OthAgFood,ROW,EU27,4.466343
OthAgFood,ROW,GBR,4.661465
OthAgFood,ROW,ROW,9.340609
Coal,ZAF,ROW,2.006900
Coal,USA,CHN,4.512119
Coal,USA,ROW,0.507581
Coal,SACUSADC,ROW,0.607395
Coal,CHN,ROW,0.067556
Coal,EU27,CHN,0.686014
Coal,EU27,ROW,0.009763
Coal,GBR,CHN,2.999997
Coal,GBR,ROW,0.261736
Coal,ROW,CHN,1.039100
Coal,ROW,ROW,0.377131
Mining,ZAF,CHN,0.204325
Mining,ZAF,ROW,1.940727
Mining,USA,ZAF,0.020683
Mining,USA,SACUSADC,0.007188
Mining,USA,CHN,0.188375
Mining,USA,EU27,0.004578
Mining,USA,GBR,0.002396
Mining,USA,ROW,0.359607
Mining,SACUSADC,CHN,0.631237
Mining,SACUSADC,ROW,3.627944
Mining,CHN,ZAF,0.003219
Mining,CHN,USA,0.213540
Mining,CHN,SACUSADC,2.911246
Mining,CHN,EU27,0.285578
Mining,CHN,GBR,0.044072
Mining,CHN,ROW,0.979555
Mining,EU27,USA,0.066006
Mining,EU27,SACUSADC,0.005257
Mining,EU27,CHN,1.178384
Mining,EU27,ROW,4.388225
Mining,GBR,USA,0.141668
Mining,GBR,SACUSADC,0.024128
Mining,GBR,CHN,0.048506
Mining,GBR,ROW,0.203574
Mining,ROW,ZAF,0.000036
Mining,ROW,USA,0.062335
Mining,ROW,SACUSADC,0.027895
Mining,ROW,CHN,0.055063
Mining,ROW,EU27,0.000525
Mining,ROW,GBR,0.000310
Mining,ROW,ROW,0.768149
Metals,ZAF,USA,0.015998
Metals,ZAF,CHN,0.475287
Metals,ZAF,EU27,0.108933
Metals,ZAF,GBR,0.006115
Metals,ZAF,ROW,2.444482
Metals,USA,ZAF,2.631795
Metals,USA,SACUSADC,5.957162
Metals,USA,CHN,3.450859
Metals,USA,EU27,2.039719
Metals,USA,GBR,0.688791
Metals,USA,ROW,1.212227
Metals,SACUSADC,USA,0.066054
Metals,SACUSADC,CHN,2.666724
Metals,SACUSADC,ROW,1.624000
Metals,CHN,ZAF,7.764494
Metals,CHN,USA,4.075193
Metals,CHN,SACUSADC,8.419836
Metals,CHN,EU27,3.288686
Metals,CHN,GBR,3.806078
Metals,CHN,ROW,4.305232
Metals,EU27,ZAF,0.123894
Metals,EU27,USA,1.988757
Metals,EU27,SACUSADC,5.981696
Metals,EU27,CHN,4.791415
Metals,EU27,ROW,2.225709
Metals,GBR,ZAF,0.253928
Metals,GBR,USA,1.360917
Metals,GBR,SACUSADC,6.072783
Metals,GBR,CHN,2.751362
Metals,GBR,ROW,0.842571
Metals,ROW,ZAF,3.329098
Metals,ROW,USA,0.397789
Metals,ROW,SACUSADC,5.666077
Metals,ROW,CHN,1.552427
Metals,ROW,EU27,0.575566
Metals,ROW,GBR,0.146341
Metals,ROW,ROW,2.206016
Auto,ZAF,CHN,9.993256
Auto,ZAF,ROW,8.719254
Auto,USA,ZAF,16.579319
Auto,USA,SACUSADC,8.484697
Auto,USA,CHN,23.040163
Auto,USA,EU27,7.946134
Auto,USA,GBR,4.078043
Auto,USA,ROW,1.784837
Auto,SACUSADC,SACUSADC,0.018668
Auto,SACUSADC,CHN,9.706127
Auto,SACUSADC,ROW,2.821159
Auto,CHN,ZAF,14.409375
Auto,CHN,USA,1.122582
Auto,CHN,SACUSADC,6.304681
Auto,CHN,EU27,4.185498
Auto,CHN,GBR,4.518032
Auto,CHN,ROW,7.752812
Auto,EU27,ZAF,8.308625
Auto,EU27,USA,2.018833
Auto,EU27,SACUSADC,7.162344
Auto,EU27,CHN,19.404709
Auto,EU27,ROW,5.250895
Auto,GBR,ZAF,9.504843
Auto,GBR,USA,1.940262
Auto,GBR,SACUSADC,7.777667
Auto,GBR,CHN,24.396849
Auto,GBR,ROW,7.013500
Auto,ROW,ZAF,18.796968
Auto,ROW,USA,0.798142
Auto,ROW,SACUSADC,15.431833
Auto,ROW,CHN,15.714169
Auto,ROW,EU27,2.930331
Auto,ROW,GBR,3.648961
Auto,ROW,ROW,7.889485
MachEquip,ZAF,USA,0.000012
MachEquip,ZAF,CHN,8.291637
MachEquip,ZAF,ROW,3.886795
MachEquip,USA,ZAF,1.901174
MachEquip,USA,SACUSADC,3.470528
MachEquip,USA,CHN,3.842044
MachEquip,USA,EU27,1.003015
MachEquip,USA,GBR,1.263058
MachEquip,USA,ROW,1.244795
MachEquip,SACUSADC,USA,0.000525
MachEquip,SACUSADC,SACUSADC,0.251293
MachEquip,SACUSADC,CHN,3.176832
MachEquip,SACUSADC,ROW,5.245376
MachEquip,CHN,ZAF,3.696942
MachEquip,CHN,USA,0.838745
MachEquip,CHN,SACUSADC,7.113385
MachEquip,CHN,EU27,1.514542
MachEquip,CHN,GBR,1.456451
MachEquip,CHN,ROW,2.503669
MachEquip,EU27,ZAF,0.139976
MachEquip,EU27,USA,0.724792
MachEquip,EU27,SACUSADC,1.029599
MachEquip,EU27,CHN,5.249536
MachEquip,EU27,ROW,2.305031
MachEquip,GBR,ZAF,0.225770
MachEquip,GBR,USA,0.548565
MachEquip,GBR,SACUSADC,0.629163
MachEquip,GBR,CHN,4.055512
MachEquip,GBR,ROW,2.466869
MachEquip,ROW,ZAF,2.065742
MachEquip,ROW,USA,0.278437
MachEquip,ROW,SACUSADC,4.407310
MachEquip,ROW,CHN,2.219760
MachEquip,ROW,EU27,0.621784
MachEquip,ROW,GBR,0.748038
MachEquip,ROW,ROW,1.766276
ChemPlast,ZAF,USA,0.152850
ChemPlast,ZAF,CHN,6.404901
ChemPlast,ZAF,EU27,0.000179
ChemPlast,ZAF,ROW,3.733921
ChemPlast,USA,ZAF,4.005158
ChemPlast,USA,SACUSADC,3.868663
ChemPlast,USA,CHN,6.710339
ChemPlast,USA,EU27,2.375507
ChemPlast,USA,GBR,2.250075
ChemPlast,USA,ROW,1.601887
ChemPlast,SACUSADC,USA,0.036144
ChemPlast,SACUSADC,CHN,5.487847
ChemPlast,SACUSADC,ROW,2.531707
ChemPlast,CHN,ZAF,6.652641
ChemPlast,CHN,USA,3.361416
ChemPlast,CHN,SACUSADC,8.664787
ChemPlast,CHN,EU27,4.666555
ChemPlast,CHN,GBR,4.703963
ChemPlast,CHN,ROW,3.833747
ChemPlast,EU27,ZAF,0.619555
ChemPlast,EU27,USA,1.601028
ChemPlast,EU27,SACUSADC,1.012814
ChemPlast,EU27,CHN,5.955267
ChemPlast,EU27,ROW,2.326465
ChemPlast,GBR,ZAF,0.162733
ChemPlast,GBR,USA,1.559329
ChemPlast,GBR,SACUSADC,0.373578
ChemPlast,GBR,CHN,5.730104
ChemPlast,GBR,ROW,2.338827
ChemPlast,ROW,ZAF,3.327441
ChemPlast,ROW,USA,0.842750
ChemPlast,ROW,SACUSADC,2.912903
ChemPlast,ROW,CHN,4.440320
ChemPlast,ROW,EU27,1.378143
ChemPlast,ROW,GBR,1.293564
ChemPlast,ROW,ROW,2.522075
TexApp,ZAF,USA,2.678311
TexApp,ZAF,CHN,8.266365
TexApp,ZAF,ROW,6.497777
TexApp,USA,ZAF,17.095650
TexApp,USA,SACUSADC,19.820858
TexApp,USA,CHN,9.157515
TexApp,USA,EU27,6.147230
TexApp,USA,GBR,7.927501
TexApp,USA,ROW,2.163494
TexApp,SACUSADC,ZAF,0.000370
TexApp,SACUSADC,USA,0.023711
TexApp,SACUSADC,SACUSADC,0.029230
TexApp,SACUSADC,CHN,8.177209
TexApp,SACUSADC,ROW,3.614044
TexApp,CHN,ZAF,31.284296
TexApp,CHN,USA,11.137878
TexApp,CHN,SACUSADC,21.762360
TexApp,CHN,EU27,10.098923
TexApp,CHN,GBR,10.367191
TexApp,CHN,ROW,8.809101
TexApp,EU27,ZAF,13.899124
TexApp,EU27,USA,7.849872
TexApp,EU27,SACUSADC,17.505312
TexApp,EU27,CHN,10.943770
TexApp,EU27,ROW,4.025316
TexApp,GBR,ZAF,14.720190
TexApp,GBR,USA,7.344222
TexApp,GBR,SACUSADC,20.951389
TexApp,GBR,CHN,10.998487
TexApp,GBR,ROW,6.077027
TexApp,ROW,ZAF,22.969257
TexApp,ROW,USA,8.170390
TexApp,ROW,SACUSADC,17.401112
TexApp,ROW,CHN,4.399860
TexApp,ROW,EU27,2.197945
TexApp,ROW,GBR,3.030956
TexApp,ROW,ROW,5.344129
OthManuf,ZAF,USA,0.000250
OthManuf,ZAF,SACUSADC,0.000691
OthManuf,ZAF,CHN,1.349294
OthManuf,ZAF,EU27,0.108922
OthManuf,ZAF,GBR,0.000155
OthManuf,ZAF,ROW,4.595387
OthManuf,USA,ZAF,3.341091
OthManuf,USA,SACUSADC,3.978741
OthManuf,USA,CHN,3.346908
OthManuf,USA,EU27,1.562381
OthManuf,USA,GBR,1.163244
OthManuf,USA,ROW,1.603007
OthManuf,SACUSADC,USA,0.063610
OthManuf,SACUSADC,CHN,0.033450
OthManuf,SACUSADC,EU27,0.000608
OthManuf,SACUSADC,ROW,5.112851
OthManuf,CHN,ZAF,6.393111
OthManuf,CHN,USA,1.988530
OthManuf,CHN,SACUSADC,8.627140
OthManuf,CHN,EU27,2.370322
OthManuf,CHN,GBR,2.087712
OthManuf,CHN,ROW,4.229271
OthManuf,EU27,ZAF,1.196241
OthManuf,EU27,USA,1.590943
OthManuf,EU27,SACUSADC,2.088451
OthManuf,EU27,CHN,5.332232
OthManuf,EU27,ROW,3.035843
OthManuf,GBR,ZAF,1.502895
OthManuf,GBR,USA,1.201415
OthManuf,GBR,SACUSADC,1.106119
OthManuf,GBR,CHN,3.654838
OthManuf,GBR,ROW,3.828943
OthManuf,ROW,ZAF,3.404522
OthManuf,ROW,USA,0.765014
OthManuf,ROW,SACUSADC,5.074131
OthManuf,ROW,CHN,3.086615
OthManuf,ROW,EU27,1.293063
OthManuf,ROW,GBR,1.269078
OthManuf,ROW,ROW,2.609301
Utilities,USA,CHN,1.303756
Utilities,USA,ROW,0.000012
Utilities,CHN,ROW,0.275517
Utilities,EU27,ROW,0.000155
Utilities,GBR,ROW,0.033259
Utilities,ROW,ROW,0.246072
